Longitude,Latitude,Height,Roll,Pitch,Yaw
-79.61450000000001,43.6817,1500,0,0.2,0
-79.61450000000001,43.68170000000001,1500.000000000229,1.261753647478702e-16,0.2,0
-79.61450000000001,43.68170000000037,1500.000000008252,2.725387877925109e-14,0.2,0
-79.61450000000001,43.68170000000978,1500.000000220275,3.758890267413228e-12,0.2,0
-79.61450000000001,43.68170000024767,1500.000005578173,4.790140966829342e-10,0.2,0
-79.61450000000001,43.68170000620772,1500.000139812122,6.010712062994745e-08,0.2,0
-79.61450000000001,43.68170003087351,1500.000695342658,6.666533334603564e-07,0.2,0
-79.61450000000001,43.68170012349404,1500.002781370631,5.332906682923856e-06,0.2,0
-79.61450000000001,43.68170027786158,1500.00625808392,1.799676027771146e-05,0.2,0
-79.61450000000001,43.68170049397615,1500.011125482524,4.265301541367884e-05,0.2,0
-79.61450000000001,43.68170077183773,1500.017383566444,8.329167658596172e-05,0.2,0
-79.61450000000001,43.68170111144634,1500.02503233568,0.0001438963555403772,0.2,0
-79.61450000000001,43.68170151280196,1500.034071790231,0.0002284426778818396,0.2,0
-79.61450000000001,43.6817019759046,1500.044501930098,0.0003408966928771259,0.2,0
-79.61450000000001,43.68170250075426,1500.05632275528,0.0004852132870880494,0.2,0
-79.61450000000001,43.68170308735093,1500.069534265778,0.0006653346024695661,0.2,0
-79.61450000000001,43.68170373569463,1500.084136461592,0.0008851884595655526,0.2,0
-79.61450000000001,43.68170444578534,1500.100129342721,0.001148686786432961,0.2,0
-79.61450000000001,43.68170492797641,1500.110989397896,0.001340127571132953,0.2,0
-79.61450000000001,43.68170492797641,1500.110989397896,0.00134012757113301,0.2,0
-79.61450000000001,43.68170521762308,1500.117512909165,0.001459692424990511,0.2,0
-79.61450000000001,43.68170605120783,1500.136287160925,0.00182053342161638,0.2,0
-79.61450000000001,43.6817069465396,1500.156452098001,0.002231374418242247,0.2,0
-79.61450000000001,43.68170790361839,1500.178007720392,0.002692215414868115,0.2,0
-79.61450000000001,43.68170892244419,1500.200954028099,0.003203056411493983,0.2,0
-79.61450000000001,43.68171000301702,1500.225291021121,0.00376389740811985,0.2,0
-79.61450000000001,43.68171114533686,1500.251018699459,0.004374738404745718,0.2,0
-79.61450000000001,43.68171234940373,1500.278137063113,0.005035579401371587,0.2,0
-79.61450000000001,43.68171361521761,1500.306646112082,0.005746420397997454,0.2,0
-79.61450000000001,43.68171494277851,1500.336545846367,0.006507261394623322,0.2,0
-79.61450000000001,43.68171633208643,1500.367836265967,0.007318102391249191,0.2,0
-79.61450000000001,43.68171778314137,1500.400517370883,0.008178943387875058,0.2,0
-79.61450000000001,43.68171929594332,1500.434589161114,0.009089784384500926,0.2,0
-79.61450000000001,43.68172087049231,1500.470051636661,0.01005062538112679,0.2,0
-79.61450000000001,43.6817225067883,1500.506904797523,0.01106146637775266,0.2,0
-79.61450000000001,43.68172420483131,1500.545148643701,0.01212230737437853,0.2,0
-79.61450000000001,43.68172596462134,1500.584783175195,0.01323314837100439,0.2,0
-79.61450000000001,43.68172778615839,1500.625808392004,0.01439398936763026,0.2,0
-79.61450000000001,43.68172966944246,1500.668224294129,0.01560483036425613,0.2,0
-79.61450000000001,43.68173161447355,1500.712030881569,0.016865671360882,0.2,0
-79.61450000000001,43.68173362125165,1500.757228154325,0.01817651235750787,0.2,0
-79.61450000000001,43.68173568977678,1500.803816112397,0.01953735335413374,0.2,0
-79.61450000000001,43.68173782004892,1500.851794755784,0.02094819435075961,0.2,0
-79.61450000000001,43.68174001206808,1500.901164084486,0.02240903534738547,0.2,0
-79.61450000000001,43.68174226583427,1500.951924098504,0.02391987634401133,0.2,0
-79.61450000000001,43.68174458134747,1501.004074797838,0.0254807173406372,0.2,0
-79.61450000000001,43.68174695860768,1501.057616182487,0.02709155833726307,0.2,0
-79.61450000000001,43.68174939761492,1501.112548252452,0.02875239933388894,0.2,0
-79.61450000000001,43.68175189836917,1501.168871007733,0.03046324033051481,0.2,0
-79.61450000000001,43.68175446087045,1501.226584448329,0.03222408132714067,0.2,0
-79.61450000000001,43.68175708511874,1501.28568857424,0.03403492232376654,0.2,0
-79.61450000000001,43.68175977111405,1501.346183385467,0.0358957633203924,0.2,0
-79.61450000000001,43.68176251885638,1501.40806888201,0.03780660431701827,0.2,0
-79.61450000000001,43.68176532834573,1501.471345063868,0.03976744531364414,0.2,0
-79.61450000000001,43.6817681995821,1501.536011931042,0.04177828631027002,0.2,0
-79.61450000000001,43.68177113256549,1501.602069483531,0.04383912730689588,0.2,0
-79.61450000000001,43.68177412729589,1501.669517721336,0.04594996830352174,0.2,0
-79.61450000000001,43.68177718377331,1501.738356644457,0.04811080930014761,0.2,0
-79.61450000000001,43.68178030199776,1501.808586252893,0.05032165029677348,0.2,0
-79.61450000000001,43.68178348196921,1501.880206546644,0.05258249129339936,0.2,0
-79.61450000000001,43.68178672368769,1501.953217525712,0.05489333229002522,0.2,0
-79.61450000000001,43.68179002715319,1502.027619190094,0.05725417328665109,0.2,0
-79.61450000000001,43.68179339236571,1502.103411539793,0.05966501428327696,0.2,0
-79.61450000000001,43.68179681932524,1502.180594574807,0.06212585527990283,0.2,0
-79.61450000000001,43.6818003080318,1502.259168295136,0.0646366962765287,0.2,0
-79.61450000000001,43.68180385848537,1502.339132700781,0.06719753727315454,0.2,0
-79.61450000000001,43.68180747068596,1502.420487791742,0.06980837826978041,0.2,0
-79.61450000000001,43.68181114463357,1502.503233568018,0.07246921926640627,0.2,0
-79.61450000000001,43.6818148803282,1502.58737002961,0.07518006026303215,0.2,0
-79.61450000000001,43.68181867776985,1502.672897176517,0.07794090125965801,0.2,0
-79.61450000000001,43.68182253695851,1502.75981500874,0.08075174225628388,0.2,0
-79.61450000000001,43.6818264578942,1502.848123526278,0.08361258325290975,0.2,0
-79.61450000000001,43.6818304405769,1502.937822729132,0.08652342424953563,0.2,0
-79.61450000000001,43.68183448500662,1503.028912617302,0.0894842652461615,0.2,0
-79.61450000000001,43.68183859118336,1503.121393190787,0.09249510624278737,0.2,0
-79.61450000000001,43.68184275910712,1503.215264449587,0.09555594723941324,0.2,0
-79.61450000000001,43.68184698877789,1503.310526393703,0.09866678823603911,0.2,0
-79.61450000000001,43.68185128019569,1503.407179023135,0.101827629232665,0.2,0
-79.61450000000001,43.68185563336051,1503.505222337883,0.1050384702292908,0.2,0
-79.61450000000001,43.68186004827234,1503.604656337946,0.1082993112259167,0.2,0
-79.61450000000001,43.68186452493119,1503.705481023324,0.1116101522225425,0.2,0
-79.61450000000001,43.68186906333706,1503.807696394018,0.1149709932191684,0.2,0
-79.61450000000001,43.68187366348995,1503.911302450028,0.1183818342157943,0.2,0
-79.61450000000001,43.68187832538986,1504.016299191353,0.1218426752124202,0.2,0
-79.61450000000001,43.68188304903678,1504.122686617994,0.125353516209046,0.2,0
-79.61450000000001,43.68188783443073,1504.23046472995,0.1289143572056719,0.2,0
-79.61450000000001,43.6818926815717,1504.339633527222,0.1325251982022978,0.2,0
-79.61450000000001,43.68189759045968,1504.45019300981,0.1361860391989236,0.2,0
-79.61450000000001,43.68190256109468,1504.562143177712,0.1398968801955495,0.2,0
-79.61450000000001,43.6819075934767,1504.675484030931,0.1436577211921754,0.2,0
-79.61450000000001,43.68191268760574,1504.790215569465,0.1474685621888013,0.2,0
-79.61450000000001,43.6819178434818,1504.906337793315,0.1513294031854271,0.2,0
-79.61450000000001,43.68192306110488,1505.02385070248,0.155240244182053,0.2,0
-79.61450000000001,43.68192834047497,1505.142754296961,0.1592010851786788,0.2,0
-79.61450000000001,43.68193368159208,1505.263048576758,0.1632119261753047,0.2,0
-79.61450000000001,43.68193908445621,1505.38473354187,0.1672727671719306,0.2,0
-79.61450000000001,43.68194454906736,1505.507809192297,0.1713836081685564,0.2,0
-79.61450000000001,43.68195007542553,1505.63227552804,0.1755444491651823,0.2,0
-79.61450000000001,43.68195566353072,1505.758132549099,0.1797552901618082,0.2,0
-79.61450000000001,43.68196131338293,1505.885380255473,0.184016131158434,0.2,0
-79.61450000000001,43.68196702498215,1506.014018647163,0.1883269721550599,0.2,0
-79.61450000000001,43.6819727983284,1506.144047724168,0.1926878131516858,0.2,0
-79.61450000000001,43.68197863342166,1506.275467486489,0.1970986541483117,0.2,0
-79.61450000000001,43.68198453026194,1506.408277934126,0.2015594951449375,0.2,0
-79.61450000000001,43.68199048884924,1506.542479067078,0.2060703361415634,0.2,0
-79.61450000000001,43.68199650918356,1506.678070885346,0.2106311771381892,0.2,0
-79.61450000000001,43.68200259126489,1506.815053388929,0.2152420181348151,0.2,0
-79.61450000000001,43.68200873509325,1506.953426577828,0.219902859131441,0.2,0
-79.61450000000001,43.68201494066862,1507.093190452042,0.2246137001280668,0.2,0
-79.61450000000001,43.68202120799101,1507.234345011572,0.2293745411246927,0.2,0
-79.61450000000001,43.68202753706043,1507.376890256417,0.2341853821213186,0.2,0
-79.61450000000001,43.68203392787686,1507.520826186578,0.2390462231179445,0.2,0
-79.61450000000001,43.68204038044031,1507.666152802055,0.2439570641145703,0.2,0
-79.61450000000001,43.68204689475078,1507.812870102847,0.2489179051111962,0.2,0
-79.61450000000001,43.68205347080826,1507.960978088955,0.2539287461078221,0.2,0
-79.61450000000001,43.68206010861277,1508.110476760378,0.2589895871044479,0.2,0
-79.61450000000001,43.68206680816429,1508.261366117117,0.2641004281010738,0.2,0
-79.61450000000001,43.68207356946283,1508.413646159171,0.2692612690976997,0.2,0
-79.61450000000001,43.68208039250839,1508.567316886541,0.2744721100943256,0.2,0
-79.61450000000001,43.68208727730097,1508.722378299227,0.2797329510909515,0.2,0
-79.61450000000001,43.68209422384057,1508.878830397228,0.2850437920875774,0.2,0
-79.61450000000001,43.68210123212719,1509.036673180545,0.2904046330842032,0.2,0
-79.61450000000001,43.68210830216082,1509.195906649177,0.2958154740808291,0.2,0
-79.61450000000001,43.68211543394148,1509.356530803125,0.3012763150774548,0.2,0
-79.61450000000001,43.68212262746915,1509.518545642388,0.3067871560740807,0.2,0
-79.61450000000001,43.68212988274384,1509.681951166967,0.3123479970707065,0.2,0
-79.61450000000001,43.68213719976555,1509.846747376862,0.3179588380673324,0.2,0
-79.61450000000001,43.68214457853428,1510.012934272072,0.3236196790639583,0.2,0
-79.61450000000001,43.68215201905002,1510.180511852597,0.3293305200605842,0.2,0
-79.61450000000001,43.68215952131279,1510.349480118439,0.3350913610572101,0.2,0
-79.61450000000001,43.68216708532258,1510.519839069595,0.340902202053836,0.2,0
-79.61450000000001,43.68217471107938,1510.691588706068,0.3467630430504619,0.2,0
-79.61450000000001,43.6821823985832,1510.864729027856,0.3526738840470877,0.2,0
-79.61450000000001,43.68219014783404,1511.039260034959,0.3586347250437136,0.2,0
-79.61450000000001,43.6821979588319,1511.215181727378,0.3646455660403394,0.2,0
-79.61450000000001,43.68220583157678,1511.392494105113,0.3707064070369653,0.2,0
-79.61450000000001,43.68221376606868,1511.571197168163,0.3768172480335912,0.2,0
-79.61450000000001,43.68222176230759,1511.751290916529,0.3829780890302171,0.2,0
-79.61450000000001,43.68222982029352,1511.93277535021,0.389188930026843,0.2,0
-79.61450000000001,43.68223794002648,1512.115650469207,0.3954497710234688,0.2,0
-79.61450000000001,43.68224612150645,1512.299916273519,0.4017606120200947,0.2,0
-79.61450000000001,43.68225436473344,1512.485572763147,0.4081214530167206,0.2,0
-79.61450000000001,43.68226266970745,1512.672619938091,0.4145322940133465,0.2,0
-79.61450000000001,43.68227103642848,1512.86105779835,0.4209931350099723,0.2,0
-79.61450000000001,43.68227946489652,1513.050886343925,0.4275039760065982,0.2,0
-79.61450000000001,43.68228795511158,1513.242105574815,0.434064817003224,0.2,0
-79.61450000000001,43.68229650707367,1513.434715491021,0.4406756579998499,0.2,0
-79.61450000000001,43.68230512078277,1513.628716092542,0.4473364989964758,0.2,0
-79.61450000000001,43.68231379623889,1513.824107379379,0.4540473399931015,0.2,0
-79.61450000000001,43.68232253344203,1514.020889351532,0.4608081809897274,0.2,0
-79.61450000000001,43.68233133239219,1514.219062009,0.4676190219863533,0.2,0
-79.61450000000001,43.68234019308936,1514.418625351784,0.4744798629829792,0.2,0
-79.61450000000001,43.68234416148118,1514.508002690786,0.477553295341327,0.2,0
-79.61450000000001,43.68234416148118,1514.508002690786,0.4775532953413368,0.2,0
-79.61450000000001,43.68234911553356,1514.619579379883,0.4813905939206794,0.2,0
-79.61450000000001,43.68235809972477,1514.821924093297,0.4883491160423388,0.2,0
-79.61450000000001,43.682367145663,1515.025659492028,0.4953515934212387,0.2,0
-79.61450000000001,43.68237625334825,1515.230785576074,0.5023941154622341,0.2,0
-79.61450000000001,43.68238542278052,1515.437302345435,0.5094727555528493,0.2,0
-79.61450000000001,43.68239465395981,1515.645209800112,0.5165835726338702,0.2,0
-79.61450000000001,43.68240394688612,1515.854507940105,0.5237226127757156,0.2,0
-79.61450000000001,43.68241330155944,1516.065196765413,0.5308859107599563,0.2,0
-79.61450000000001,43.68242271797978,1516.277276276037,0.5380694916653493,0.2,0
-79.61450000000001,43.68243219614715,1516.490746471976,0.545269372457754,0.2,0
-79.61450000000001,43.68244173606153,1516.705607353231,0.5524815635832919,0.2,0
-79.61450000000001,43.68245133772293,1516.921858919801,0.5597020705641158,0.2,0
-79.61450000000001,43.68246100113135,1517.139501171687,0.566926895596147,0.2,0
-79.61450000000001,43.68247072628679,1517.358534108889,0.5741520391481439,0.2,0
-79.61450000000001,43.68248051318924,1517.578957731406,0.5813735015614614,0.2,0
-79.61450000000001,43.68249036183872,1517.800772039238,0.5885872846498603,0.2,0
-79.61450000000001,43.68250027223521,1518.023977032387,0.5957893932987295,0.2,0
-79.61450000000001,43.68251024437873,1518.248572710851,0.6029758370630778,0.2,0
-79.61450000000001,43.68252027826925,1518.47455907463,0.6101426317636589,0.2,0
-79.61450000000001,43.6825303739068,1518.701936123725,0.6172858010805903,0.2,0
-79.61450000000001,43.68254053129137,1518.930703858135,0.6244013781438276,0.2,0
-79.61450000000001,43.68255075042296,1519.160862277861,0.6314854071198601,0.2,0
-79.61450000000001,43.68256103130156,1519.392411382903,0.6385339447939914,0.2,0
-79.61450000000001,43.68257137392719,1519.62535117326,0.6455430621475728,0.2,0
-79.61450000000001,43.68258177829983,1519.859681648933,0.6525088459295582,0.2,0
-79.61450000000001,43.68258924108919,1520.027760882595,0.657451293088979,0.2,0
-79.61450000000001,43.68258924108919,1520.027760882596,0.6574512930889889,0.2,0
-79.61450000000001,43.68259224441949,1520.095402809922,0.6594274153727802,0.2,0
-79.61450000000001,43.68260277228617,1520.332514656225,0.6662962196373555,0.2,0
-79.61450000000001,43.68261336189987,1520.571017187845,0.6731150239019309,0.2,0
-79.61450000000001,43.68262401326059,1520.81091040478,0.6798838281665063,0.2,0
-79.61450000000001,43.68263472636832,1521.052194307031,0.6866026324310817,0.2,0
-79.61450000000001,43.68264550122308,1521.294868894597,0.6932714366956571,0.2,0
-79.61450000000001,43.68265633782485,1521.538934167478,0.6998902409602325,0.2,0
-79.61450000000001,43.68266723617364,1521.784390125676,0.7064590452248079,0.2,0
-79.61450000000001,43.68267819626945,1522.031236769188,0.7129778494893833,0.2,0
-79.61450000000001,43.68268921811228,1522.279474098017,0.7194466537539587,0.2,0
-79.61450000000001,43.68270030170213,1522.529102112161,0.7258654580185341,0.2,0
-79.61450000000001,43.68271144703899,1522.780120811621,0.7322342622831095,0.2,0
-79.61450000000001,43.68272265412288,1523.032530196396,0.7385530665476849,0.2,0
-79.61450000000001,43.68273392295378,1523.286330266486,0.7448218708122603,0.2,0
-79.61450000000001,43.68274525353171,1523.541521021892,0.7510406750768356,0.2,0
-79.61450000000001,43.68275664585664,1523.798102462614,0.7572094793414109,0.2,0
-79.61450000000001,43.6827680999286,1524.056074588652,0.7633282836059863,0.2,0
-79.61450000000001,43.68277961574759,1524.315437400005,0.7693970878705616,0.2,0
-79.61450000000001,43.68279119331358,1524.576190896673,0.775415892135137,0.2,0
-79.61450000000001,43.68280283262659,1524.838335078657,0.7813846963997123,0.2,0
-79.61450000000001,43.68281453368663,1525.101869945957,0.7873035006642877,0.2,0
-79.61450000000001,43.68282629649368,1525.366795498572,0.793172304928863,0.2,0
-79.61450000000001,43.68283812104775,1525.633111736503,0.7989911091934383,0.2,0
-79.61450000000001,43.68285000734884,1525.900818659749,0.8047599134580137,0.2,0
-79.61450000000001,43.68286195539695,1526.169916268311,0.8104787177225891,0.2,0
-79.61450000000001,43.68287396519208,1526.440404562188,0.8161475219871645,0.2,0
-79.61450000000001,43.68288603673422,1526.712283541381,0.8217663262517398,0.2,0
-79.61450000000001,43.68289817002339,1526.98555320589,0.8273351305163152,0.2,0
-79.61450000000001,43.68291036505958,1527.260213555714,0.8328539347808907,0.2,0
-79.61450000000001,43.68292262184278,1527.536264590854,0.8383227390454661,0.2,0
-79.61450000000001,43.682934940373,1527.813706311309,0.8437415433100415,0.2,0
-79.61450000000001,43.68294732065024,1528.09253871708,0.849110347574617,0.2,0
-79.61450000000001,43.68295976267449,1528.372761808166,0.8544291518391922,0.2,0
-79.61450000000001,43.68297226644577,1528.654375584569,0.8596979561037678,0.2,0
-79.61450000000001,43.68298483196406,1528.937380046286,0.864916760368343,0.2,0
-79.61450000000001,43.68299745922938,1529.221775193319,0.8700855646329182,0.2,0
-79.61450000000001,43.68301014824171,1529.507561025668,0.8752043688974937,0.2,0
-79.61450000000001,43.68302289900106,1529.794737543332,0.8802731731620689,0.2,0
-79.61450000000001,43.68303571150743,1530.083304746312,0.8852919774266443,0.2,0
-79.61450000000001,43.68304858576082,1530.373262634607,0.8902607816912196,0.2,0
-79.61450000000001,43.68306152176123,1530.664611208218,0.8951795859557951,0.2,0
-79.61450000000001,43.68307451950865,1530.957350467145,0.9000483902203703,0.2,0
-79.61450000000001,43.6830875790031,1531.251480411387,0.9048671944849458,0.2,0
-79.61450000000001,43.68310070024456,1531.547001040945,0.9096359987495211,0.2,0
-79.61450000000001,43.68311388323304,1531.843912355818,0.9143548030140966,0.2,0
-79.61450000000001,43.68312712796855,1532.142214356006,0.9190236072786718,0.2,0
-79.61450000000001,43.68314043445106,1532.441907041511,0.9236424115432473,0.2,0
-79.61450000000001,43.6831538026806,1532.742990412331,0.9282112158078226,0.2,0
-79.61450000000001,43.68316723265716,1533.045464468466,0.9327300200723981,0.2,0
-79.61450000000001,43.68318072438073,1533.349329209917,0.9371988243369734,0.2,0
-79.61450000000001,43.68319427785133,1533.654584636684,0.941617628601549,0.2,0
-79.61450000000001,43.68320789306894,1533.961230748766,0.9459864328661243,0.2,0
-79.61450000000001,43.68322157003357,1534.269267546164,0.9503052371306997,0.2,0
-79.61450000000001,43.68323530874522,1534.578695028877,0.954574041395275,0.2,0
-79.61450000000001,43.68324910920389,1534.889513196906,0.9587928456598505,0.2,0
-79.61450000000001,43.68326297140958,1535.20172205025,0.9629616499244258,0.2,0
-79.61450000000001,43.68327689536228,1535.51532158891,0.9670804541890012,0.2,0
-79.61450000000001,43.683290881062,1535.830311812886,0.9711492584535765,0.2,0
-79.61450000000001,43.68330492850875,1536.146692722177,0.9751680627181519,0.2,0
-79.61450000000001,43.68331903770251,1536.464464316784,0.9791368669827272,0.2,0
-79.61450000000001,43.68333320864329,1536.783626596706,0.9830556712473026,0.2,0
-79.61450000000001,43.68334744133109,1537.104179561944,0.9869244755118779,0.2,0
-79.61450000000001,43.68336173576591,1537.426123212497,0.9907432797764532,0.2,0
-79.61450000000001,43.68337609194774,1537.749457548366,0.9945120840410286,0.2,0
-79.61450000000001,43.6833905098766,1538.074182569551,0.9982308883056039,0.2,0
-79.61450000000001,43.68340498955247,1538.400298276051,1.001899692570179,0.2,0
-79.61450000000001,43.68341953097536,1538.727804667866,1.005518496834755,0.2,0
-79.61450000000001,43.68343413414527,1539.056701744998,1.00908730109933,0.2,0
-79.61450000000001,43.6834487990622,1539.386989507444,1.012606105363905,0.2,0
-79.61450000000001,43.68346352572615,1539.718667955207,1.016074909628481,0.2,0
-79.61450000000001,43.68347831413711,1540.051737088285,1.019493713893056,0.2,0
-79.61450000000001,43.6834931642951,1540.386196906678,1.022862518157631,0.2,0
-79.61450000000001,43.68350807620011,1540.722047410387,1.026181322422207,0.2,0
-79.61450000000001,43.68352304985213,1541.059288599412,1.029450126686782,0.2,0
-79.61450000000001,43.68353808525117,1541.397920473752,1.032668930951358,0.2,0
-79.61450000000001,43.68355318239723,1541.737943033408,1.035837735215933,0.2,0
-79.61450000000001,43.6835683412903,1542.079356278379,1.038956539480508,0.2,0
-79.61450000000001,43.68358356193041,1542.422160208666,1.042025343745084,0.2,0
-79.61450000000001,43.68359884431752,1542.766354824268,1.045044148009659,0.2,0
-79.61450000000001,43.68361418845166,1543.111940125186,1.048012952274235,0.2,0
-79.61450000000001,43.68362959433281,1543.45891611142,1.05093175653881,0.2,0
-79.61450000000001,43.68364506196098,1543.807282782969,1.053800560803385,0.2,0
-79.61450000000001,43.68366059133617,1544.157040139834,1.056619365067961,0.2,0
-79.61450000000001,43.68367618245838,1544.508188182014,1.059388169332536,0.2,0
-79.61450000000001,43.68369183532761,1544.86072690951,1.062106973597112,0.2,0
-79.61450000000001,43.68370754994385,1545.214656322321,1.064775777861687,0.2,0
-79.61450000000001,43.68372332630712,1545.569976420448,1.067394582126263,0.2,0
-79.61450000000001,43.6837391644174,1545.926687203891,1.069963386390838,0.2,0
-79.61450000000001,43.68375506427471,1546.284788672649,1.072482190655413,0.2,0
-79.61450000000001,43.68377102587903,1546.644280826723,1.074950994919989,0.2,0
-79.61450000000001,43.68378704923036,1547.005163666112,1.077369799184564,0.2,0
-79.61450000000001,43.68380313432872,1547.367437190816,1.079738603449139,0.2,0
-79.61450000000001,43.6838192811741,1547.731101400837,1.082057407713715,0.2,0
-79.61450000000001,43.68383548976649,1548.096156296173,1.08432621197829,0.2,0
-79.61450000000001,43.68385176010591,1548.462601876824,1.086545016242865,0.2,0
-79.61450000000001,43.68386809219234,1548.830438142791,1.088713820507441,0.2,0
-79.61450000000001,43.6838844860258,1549.199665094074,1.090832624772016,0.2,0
-79.61450000000001,43.68390094160626,1549.570282730672,1.092901429036592,0.2,0
-79.61450000000001,43.68391745893376,1549.942291052586,1.094920233301167,0.2,0
-79.61450000000001,43.68393403800826,1550.315690059815,1.096889037565742,0.2,0
-79.61450000000001,43.68395067882979,1550.69047975236,1.098807841830318,0.2,0
-79.61450000000001,43.68396738139833,1551.066660130221,1.100676646094893,0.2,0
-79.61450000000001,43.68398414571389,1551.444231193397,1.102495450359469,0.2,0
-79.61450000000001,43.68400097177648,1551.823192941888,1.104264254624044,0.2,0
-79.61450000000001,43.68401785958608,1552.203545375695,1.10598305888862,0.2,0
-79.61450000000001,43.6840348091427,1552.585288494818,1.107651863153195,0.2,0
-79.61450000000001,43.68405182044634,1552.968422299256,1.10927066741777,0.2,0
-79.61450000000001,43.68406889349699,1553.35294678901,1.110839471682346,0.2,0
-79.61450000000001,43.68408602829467,1553.738861964079,1.112358275946921,0.2,0
-79.61450000000001,43.68410322483936,1554.126167824464,1.113827080211497,0.2,0
-79.61450000000001,43.68412048313108,1554.514864370165,1.115245884476072,0.2,0
-79.61450000000001,43.6841378031698,1554.904951601181,1.116614688740647,0.2,0
-79.61450000000001,43.68415518495556,1555.296429517513,1.117933493005223,0.2,0
-79.61450000000001,43.68417262848833,1555.68929811916,1.119202297269798,0.2,0
-79.61450000000001,43.68419013376811,1556.083557406123,1.120421101534374,0.2,0
-79.61450000000001,43.68420770079491,1556.479207378401,1.121589905798949,0.2,0
-79.61450000000001,43.68422532956874,1556.876248035995,1.122708710063524,0.2,0
-79.61450000000001,43.68424302008958,1557.274679378905,1.1237775143281,0.2,0
-79.61450000000001,43.68426077235745,1557.67450140713,1.124796318592675,0.2,0
-79.61450000000001,43.68427858637233,1558.07571412067,1.125765122857251,0.2,0
-79.61450000000001,43.68429646213423,1558.478317519526,1.126683927121826,0.2,0
-79.61450000000001,43.68431439964314,1558.882311603698,1.127552731386401,0.2,0
-79.61450000000001,43.68433239889908,1559.287696373185,1.128371535650977,0.2,0
-79.61450000000001,43.68435045990204,1559.694471827988,1.129140339915552,0.2,0
-79.61450000000001,43.68436858265201,1560.102637968107,1.129859144180128,0.2,0
-79.61450000000001,43.684386767149,1560.512194793541,1.130527948444703,0.2,0
-79.61450000000001,43.68440501339301,1560.92314230429,1.131146752709278,0.2,0
-79.61450000000001,43.68442332138404,1561.335480500356,1.131715556973854,0.2,0
-79.61450000000001,43.68444169112209,1561.749209381736,1.132234361238429,0.2,0
-79.61450000000001,43.68446012260716,1562.164328948433,1.132703165503004,0.2,0
-79.61450000000001,43.68447861583924,1562.580839200444,1.13312196976758,0.2,0
-79.61450000000001,43.68449717081835,1562.998740137772,1.133490774032155,0.2,0
-79.61450000000001,43.6845069416035,1563.218800761261,1.133664460859265,0.2,0
-79.61450000000001,43.6845069416035,1563.218800761262,1.133664460859266,0.2,0
-79.61450000000001,43.68451578754447,1563.418031760415,1.133809647407591,0.2,0
-79.61450000000001,43.68453446601761,1563.838714068373,1.134080456779691,0.2,0
-79.61450000000001,43.68455320623777,1564.260787061647,1.134307000218576,0.2,0
-79.61450000000001,43.68457200820495,1564.684250740237,1.134493186976559,0.2,0
-79.61450000000001,43.68459087191915,1565.109105104142,1.134642942448088,0.2,0
-79.61450000000001,43.68460979738036,1565.535350153363,1.134760206599641,0.2,0
-79.61450000000001,43.6846287845886,1565.9629858879,1.134848932393787,0.2,0
-79.61450000000001,43.68464783354385,1566.392012307751,1.13491308420806,0.2,0
-79.61450000000001,43.68466694424613,1566.822429412919,1.13495663624926,0.2,0
-79.61450000000001,43.68468611669542,1567.254237203402,1.134983570963818,0.2,0
-79.61450000000001,43.68470535089173,1567.687435679201,1.134997877444876,0.2,0
-79.61450000000001,43.68472464683505,1568.122024840315,1.135003549836702,0.2,0
-79.61450000000001,43.6847440045254,1568.558004686745,1.135004585737081,0.2,0
-79.61450000000001,43.68476342396276,1568.99537521849,1.135004984598337,0.2,0
-79.61450000000001,43.68478290514715,1569.434136435551,1.135008746127599,0.2,0
-79.61450000000001,43.68480244807855,1569.874288337927,1.135019868686974,0.2,0
-79.61450000000001,43.68482205275697,1570.315830925619,1.135042347694254,0.2,0
-79.61450000000001,43.68484171918242,1570.758764198627,1.135080174024804,0.2,0
-79.61450000000001,43.68486144735487,1571.20308815695,1.135137332415267,0.2,0
-79.61450000000001,43.68488123727435,1571.648802800589,1.135217799869715,0.2,0
-79.61450000000001,43.68490108894085,1572.095908129543,1.135325544068908,0.2,0
-79.61450000000001,43.68492100235436,1572.544404143813,1.135464521783272,0.2,0
-79.61450000000001,43.68494097751489,1572.994290843398,1.135638677290242,0.2,0
-79.61450000000001,43.68496101442244,1573.445568228299,1.135851940796606,0.2,0
-79.61450000000001,43.68498111307702,1573.898236298516,1.136108226866474,0.2,0
-79.61450000000001,43.68499710081952,1574.258317144881,1.136344716001449,0.2,0
-79.61450000000001,43.68499710081952,1574.258317144882,1.13634471600145,0.2,0
-79.61450000000001,43.68500127347861,1574.352295054048,1.136411427154783,0.2,0
-79.61450000000001,43.68502149562721,1574.807744494896,1.13676430488346,0.2,0
-79.61450000000001,43.68504177952284,1575.264584621059,1.137167182612137,0.2,0
-79.61450000000001,43.68506212516548,1575.722815432538,1.137620060340814,0.2,0
-79.61450000000001,43.68508253255515,1576.182436929332,1.138122938069491,0.2,0
-79.61450000000001,43.68510300169183,1576.643449111442,1.138675815798168,0.2,0
-79.61450000000001,43.68512353257553,1577.105851978868,1.139278693526845,0.2,0
-79.61450000000001,43.68514412520625,1577.569645531609,1.139931571255522,0.2,0
-79.61450000000001,43.68516477958399,1578.034829769665,1.140634448984199,0.2,0
-79.61450000000001,43.68518549570874,1578.501404693038,1.141387326712876,0.2,0
-79.61450000000001,43.68520627358052,1578.969370301725,1.142190204441553,0.2,0
-79.61450000000001,43.68522711319932,1579.438726595729,1.14304308217023,0.2,0
-79.61450000000001,43.68524801456513,1579.909473575048,1.143945959898907,0.2,0
-79.61450000000001,43.68526897767796,1580.381611239682,1.144898837627584,0.2,0
-79.61450000000001,43.68529000253781,1580.855139589632,1.145901715356261,0.2,0
-79.61450000000001,43.68531108914468,1581.330058624898,1.146954593084937,0.2,0
-79.61450000000001,43.68533223749856,1581.806368345479,1.148057470813614,0.2,0
-79.61450000000001,43.68535344759948,1582.284068751376,1.149210348542291,0.2,0
-79.61450000000001,43.6853747194474,1582.763159842588,1.150413226270968,0.2,0
-79.61450000000001,43.68539605304234,1583.243641619116,1.151666103999645,0.2,0
-79.61450000000001,43.68541744838431,1583.725514080959,1.152968981728322,0.2,0
-79.61450000000001,43.68543890547328,1584.208777228118,1.154321859456999,0.2,0
-79.61450000000001,43.68546042430928,1584.693431060593,1.155724737185676,0.2,0
-79.61450000000001,43.6854820048923,1585.179475578383,1.157177614914353,0.2,0
-79.61450000000001,43.68550364722234,1585.666910781489,1.15868049264303,0.2,0
-79.61450000000001,43.6855253512994,1586.15573666991,1.160233370371707,0.2,0
-79.61450000000001,43.68554711712347,1586.645953243647,1.161836248100384,0.2,0
-79.61450000000001,43.68556894469456,1587.137560502699,1.163489125829061,0.2,0
-79.61450000000001,43.68559083401267,1587.630558447067,1.165192003557737,0.2,0
-79.61450000000001,43.6856127850778,1588.124947076751,1.166944881286414,0.2,0
-79.61450000000001,43.68563479788995,1588.62072639175,1.168747759015091,0.2,0
-79.61450000000001,43.68565687244912,1589.117896392064,1.170600636743768,0.2,0
-79.61450000000001,43.68567900875531,1589.616457077694,1.172503514472445,0.2,0
-79.61450000000001,43.68570120680851,1590.11640844864,1.174456392201122,0.2,0
-79.61450000000001,43.68572346660874,1590.617750504902,1.176459269929799,0.2,0
-79.61450000000001,43.68574578815598,1591.120483246478,1.178512147658476,0.2,0
-79.61450000000001,43.68576817145024,1591.624606673371,1.180615025387153,0.2,0
-79.61450000000001,43.68579061649152,1592.130120785579,1.18276790311583,0.2,0
-79.61450000000001,43.68581312327981,1592.637025583102,1.184970780844507,0.2,0
-79.61450000000001,43.68583569181513,1593.145321065942,1.187223658573184,0.2,0
-79.61450000000001,43.68585832209747,1593.655007234096,1.189526536301861,0.2,0
-79.61450000000001,43.68588101412682,1594.166084087567,1.191879414030538,0.2,0
-79.61450000000001,43.68590376790319,1594.678551626352,1.194282291759214,0.2,0
-79.61450000000001,43.68592658342658,1595.192409850454,1.196735169487891,0.2,0
-79.61450000000001,43.68594946069699,1595.707658759871,1.199238047216568,0.2,0
-79.61450000000001,43.68597239971442,1596.224298354603,1.201790924945245,0.2,0
-79.61450000000001,43.68599540047887,1596.742328634651,1.204393802673922,0.2,0
-79.61450000000001,43.68601846299033,1597.261749600015,1.207046680402599,0.2,0
-79.61450000000001,43.68604158724882,1597.782561250694,1.209749558131276,0.2,0
-79.61450000000001,43.68606477325432,1598.304763586689,1.212502435859953,0.2,0
-79.61450000000001,43.68608802100684,1598.828356607999,1.21530531358863,0.2,0
-79.61450000000001,43.68611133050638,1599.353340314625,1.218158191317307,0.2,0
-79.61450000000001,43.68613470175294,1599.879714706567,1.221061069045983,0.2,0
-79.61450000000001,43.68615813474652,1600.407479783824,1.22401394677466,0.2,0
-79.61450000000001,43.68618162948712,1600.936635546397,1.227016824503337,0.2,0
-79.61450000000001,43.68620518597473,1601.467181994285,1.230069702232014,0.2,0
-79.61450000000001,43.68622880420936,1601.999119127488,1.233172579960691,0.2,0
-79.61450000000001,43.68625248419102,1602.532446946008,1.236325457689368,0.2,0
-79.61450000000001,43.68627622591968,1603.067165449843,1.239528335418045,0.2,0
-79.61450000000001,43.68630002939538,1603.603274638993,1.242781213146722,0.2,0
-79.61450000000001,43.68632389461808,1604.140774513459,1.246084090875399,0.2,0
-79.61450000000001,43.68634782158781,1604.679665073241,1.249436968604076,0.2,0
-79.61450000000001,43.68637181030456,1605.219946318338,1.252839846332753,0.2,0
-79.61450000000001,43.68639586076832,1605.761618248751,1.256292724061429,0.2,0
-79.61450000000001,43.6864199729791,1606.304680864479,1.259795601790106,0.2,0
-79.61450000000001,43.68644414693691,1606.849134165523,1.263348479518783,0.2,0
-79.61450000000001,43.68646838264173,1607.394978151882,1.26695135724746,0.2,0
-79.61450000000001,43.68649268009357,1607.942212823557,1.270604234976137,0.2,0
-79.61450000000001,43.68651703929242,1608.490838180548,1.274307112704814,0.2,0
-79.61450000000001,43.6865414602383,1609.040854222854,1.278059990433491,0.2,0
-79.61450000000001,43.68656594293119,1609.592260950476,1.281862868162168,0.2,0
-79.61450000000001,43.68659048737111,1610.145058363413,1.285715745890845,0.2,0
-79.61450000000001,43.68661509355804,1610.699246461666,1.289618623619522,0.2,0
-79.61450000000001,43.68663976149199,1611.254825245234,1.293571501348199,0.2,0
-79.61450000000001,43.68666449117296,1611.811794714118,1.297574379076876,0.2,0
-79.61450000000001,43.68668928260095,1612.370154868318,1.301627256805553,0.2,0
-79.61450000000001,43.68671413577595,1612.929905707833,1.30573013453423,0.2,0
-79.61450000000001,43.68673905069797,1613.491047232663,1.309883012262906,0.2,0
-79.61450000000001,43.68676402736702,1614.05357944281,1.314085889991583,0.2,0
-79.61450000000001,43.68678906578308,1614.617502338271,1.318338767720261,0.2,0
-79.61450000000001,43.68681416594616,1615.182815919049,1.322641645448937,0.2,0
-79.61450000000001,43.68683932785626,1615.749520185142,1.326994523177614,0.2,0
-79.61450000000001,43.68686455151338,1616.31761513655,1.331397400906291,0.2,0
-79.61450000000001,43.68688983691752,1616.887100773274,1.335850278634968,0.2,0
-79.61450000000001,43.68691518406867,1617.457977095314,1.340353156363645,0.2,0
-79.61450000000001,43.68694059296685,1618.030244102669,1.344906034092322,0.2,0
-79.61450000000001,43.68696606361204,1618.603901795339,1.349508911820999,0.2,0
-79.61450000000001,43.68699159600426,1619.178950173326,1.354161789549676,0.2,0
-79.61450000000001,43.68701719014349,1619.755389236628,1.358864667278353,0.2,0
-79.61450000000001,43.68704284602973,1620.333218985245,1.36361754500703,0.2,0
-79.61450000000001,43.687068563663,1620.912439419178,1.368420422735707,0.2,0
-79.61450000000001,43.68709434304329,1621.493050538427,1.373273300464384,0.2,0
-79.61450000000001,43.6871201841706,1622.075052342991,1.378176178193061,0.2,0
-79.61450000000001,43.68714608704492,1622.658444832871,1.383129055921738,0.2,0
-79.61450000000001,43.68717205166626,1623.243228008066,1.388131933650415,0.2,0
-79.61450000000001,43.68719807803462,1623.829401868577,1.393184811379091,0.2,0
-79.61450000000001,43.68722416615,1624.416966414403,1.398287689107769,0.2,0
-79.61450000000001,43.6872503160124,1625.005921645545,1.403440566836446,0.2,0
-79.61450000000001,43.68727652762181,1625.596267562002,1.408643444565122,0.2,0
-79.61450000000001,43.68730280097825,1626.188004163776,1.413896322293799,0.2,0
-79.61450000000001,43.6873291360817,1626.781131450864,1.419199200022477,0.2,0
-79.61450000000001,43.68735553293217,1627.375649423268,1.424552077751153,0.2,0
-79.61450000000001,43.68738199152967,1627.971558080988,1.42995495547983,0.2,0
-79.61450000000001,43.68740851187418,1628.568857424024,1.435407833208507,0.2,0
-79.61450000000001,43.6874350939657,1629.167547452375,1.440910710937184,0.2,0
-79.61450000000001,43.68746173780426,1629.767628166041,1.446463588665861,0.2,0
-79.61450000000001,43.68748844338982,1630.369099565023,1.452066466394538,0.2,0
-79.61450000000001,43.6875152107224,1630.971961649321,1.457719344123215,0.2,0
-79.61450000000001,43.68754203980201,1631.576214418934,1.463422221851892,0.2,0
-79.61450000000001,43.68756893062863,1632.181857873863,1.469175099580569,0.2,0
-79.61450000000001,43.68759588320227,1632.788892014107,1.474977977309246,0.2,0
-79.61450000000001,43.68762289752293,1633.397316839667,1.480830855037923,0.2,0
-79.61450000000001,43.68764997359061,1634.007132350542,1.4867337327666,0.2,0
-79.61450000000001,43.68767711140531,1634.618338546733,1.492686610495277,0.2,0
-79.61450000000001,43.68770431096702,1635.23093542824,1.498689488223954,0.2,0
-79.61450000000001,43.68773157227575,1635.844922995062,1.50474236595263,0.2,0
-79.61450000000001,43.68775889533151,1636.460301247199,1.510845243681307,0.2,0
-79.61450000000001,43.68778628013428,1637.077070184653,1.516998121409985,0.2,0
-79.61450000000001,43.68781372668407,1637.695229807422,1.523200999138662,0.2,0
-79.61450000000001,43.68784123498087,1638.314780115506,1.529453876867339,0.2,0
-79.61450000000001,43.68786880502471,1638.935721108906,1.535756754596015,0.2,0
-79.61450000000001,43.68789643681555,1639.558052787622,1.542109632324693,0.2,0
-79.61450000000001,43.68792413035342,1640.181775151653,1.54851251005337,0.2,0
-79.61450000000001,43.6879518856383,1640.806888200999,1.554965387782046,0.2,0
-79.61450000000001,43.6879797026702,1641.433391935662,1.561468265510723,0.2,0
-79.61450000000001,43.68800758144912,1642.061286355639,1.568021143239401,0.2,0
-79.61450000000001,43.68803552197506,1642.690571460933,1.574624020968078,0.2,0
-79.61450000000001,43.68806352424802,1643.321247251542,1.581276898696754,0.2,0
-79.61450000000001,43.68809158826799,1643.953313727466,1.587979776425431,0.2,0
-79.61450000000001,43.68811971403499,1644.586770888706,1.594732654154109,0.2,0
-79.61450000000001,43.688147901549,1645.221618735262,1.601535531882785,0.2,0
-79.61450000000001,43.68817615081003,1645.857857267133,1.608388409611462,0.2,0
-79.61450000000001,43.68819326834336,1646.24338360932,1.612557883771618,0.2,0
-79.61450000000001,43.68819326834336,1646.243383609324,1.612557883771658,0.2,0
-79.61450000000001,43.68820446181808,1646.49548648432,1.615291247503369,0.2,0
-79.61450000000001,43.68823283457316,1647.134506386822,1.622242409213434,0.2,0
-79.61450000000001,43.68826126907524,1647.77491697464,1.629238147420406,0.2,0
-79.61450000000001,43.68828976532435,1648.416718247773,1.636274554224719,0.2,0
-79.61450000000001,43.68831832332047,1649.059910206222,1.643347705459911,0.2,0
-79.61450000000001,43.68834694306362,1649.704492849987,1.650453662262236,0.2,0
-79.61450000000001,43.68837562455378,1650.350466179067,1.65758847264616,0.2,0
-79.61450000000001,43.68840436779096,1650.997830193463,1.6647481730851,0.2,0
-79.61450000000001,43.68843317277516,1651.646584893174,1.671928790096784,0.2,0
-79.61450000000001,43.68846203950638,1652.296730278201,1.679126341832588,0.2,0
-79.61450000000001,43.68849096798462,1652.948266348543,1.686336839670227,0.2,0
-79.61450000000001,43.68851995820987,1653.601193104201,1.693556289809145,0.2,0
-79.61450000000001,43.68854901018215,1654.255510545175,1.700780694867987,0.2,0
-79.61450000000001,43.68857812390144,1654.911218671464,1.708006055483494,0.2,0
-79.61450000000001,43.68860729936775,1655.568317483069,1.715228371910199,0.2,0
-79.61450000000001,43.68863653658109,1656.226806979989,1.722443645620268,0.2,0
-79.61450000000001,43.68866583554144,1656.886687162225,1.729647880902862,0.2,0
-79.61450000000001,43.6886951962488,1657.547958029776,1.736837086462365,0.2,0
-79.61450000000001,43.68872461870319,1658.210619582643,1.744007277014849,0.2,0
-79.61450000000001,43.6887541029046,1658.874671820825,1.751154474882135,0.2,0
-79.61450000000001,43.68878364885302,1659.540114744323,1.758274711582814,0.2,0
-79.61450000000001,43.68881325654846,1660.206948353137,1.765364029419581,0.2,0
-79.61450000000001,43.68884292599093,1660.875172647266,1.772418483062267,0.2,0
-79.61450000000001,43.6888726571804,1661.544787626711,1.779434141125913,0.2,0
-79.61450000000001,43.6889024501169,1662.215793291471,1.786407087743278,0.2,0
-79.61450000000001,43.68892850716741,1662.80265818475,1.792455881519328,0.2,0
-79.61450000000001,43.68892850716741,1662.802658184754,1.792455881519367,0.2,0
-79.61450000000001,43.68893230480042,1662.888189641547,1.793333425455863,0.2,0
-79.61450000000001,43.68895130792522,1663.316183853784,1.797709031388931,0.2,0
-79.61450000000001,43.68896222123095,1663.561976676939,1.800210192988388,0.2,0
-79.61450000000001,43.68899219940851,1664.237154397646,1.807036960520912,0.2,0
-79.61450000000001,43.68902223933308,1664.913722803668,1.813813728053436,0.2,0
-79.61450000000001,43.68905234100468,1665.591681895007,1.82054049558596,0.2,0
-79.61450000000001,43.68908250442328,1666.27103167166,1.827217263118484,0.2,0
-79.61450000000001,43.68911272958891,1666.95177213363,1.833844030651008,0.2,0
-79.61450000000001,43.68914301650156,1667.633903280914,1.840420798183532,0.2,0
-79.61450000000001,43.68917336516122,1668.317425113515,1.846947565716056,0.2,0
-79.61450000000001,43.68920377556791,1669.002337631431,1.85342433324858,0.2,0
-79.61450000000001,43.68923424772162,1669.688640834663,1.859851100781105,0.2,0
-79.61450000000001,43.68926478162234,1670.37633472321,1.866227868313629,0.2,0
-79.61450000000001,43.68929537727008,1671.065419297072,1.872554635846153,0.2,0
-79.61450000000001,43.68932603466484,1671.75589455625,1.878831403378677,0.2,0
-79.61450000000001,43.68935675380662,1672.447760500744,1.885058170911201,0.2,0
-79.61450000000001,43.68938753469541,1673.141017130554,1.891234938443725,0.2,0
-79.61450000000001,43.68941837733123,1673.835664445679,1.897361705976249,0.2,0
-79.61450000000001,43.68944928171406,1674.531702446119,1.903438473508773,0.2,0
-79.61450000000001,43.68948024784392,1675.229131131875,1.909465241041298,0.2,0
-79.61450000000001,43.68951127572079,1675.927950502947,1.915442008573822,0.2,0
-79.61450000000001,43.68954236534468,1676.628160559334,1.921368776106346,0.2,0
-79.61450000000001,43.68957351671559,1677.329761301037,1.92724554363887,0.2,0
-79.61450000000001,43.68960472983351,1678.032752728055,1.933072311171394,0.2,0
-79.61450000000001,43.68963600469846,1678.737134840389,1.938849078703918,0.2,0
-79.61450000000001,43.68966734131043,1679.442907638038,1.944575846236442,0.2,0
-79.61450000000001,43.68969873966941,1680.150071121003,1.950252613768966,0.2,0
-79.61450000000001,43.68973019977541,1680.858625289284,1.955879381301491,0.2,0
-79.61450000000001,43.68976172162844,1681.56857014288,1.961456148834015,0.2,0
-79.61450000000001,43.68979330522847,1682.279905681792,1.966982916366539,0.2,0
-79.61450000000001,43.68982495057553,1682.992631906019,1.972459683899063,0.2,0
-79.61450000000001,43.68985665766961,1683.706748815562,1.977886451431587,0.2,0
-79.61450000000001,43.6898884265107,1684.422256410421,1.983263218964112,0.2,0
-79.61450000000001,43.68992025709882,1685.139154690595,1.988589986496636,0.2,0
-79.61450000000001,43.68995214943395,1685.857443656084,1.99386675402916,0.2,0
-79.61450000000001,43.6899841035161,1686.577123306889,1.999093521561684,0.2,0
-79.61450000000001,43.69001611934527,1687.29819364301,2.004270289094208,0.2,0
-79.61450000000001,43.69004819692146,1688.020654664446,2.009397056626732,0.2,0
-79.61450000000001,43.69008033624466,1688.744506371198,2.014473824159256,0.2,0
-79.61450000000001,43.69011253731489,1689.469748763265,2.01950059169178,0.2,0
-79.61450000000001,43.69014480013214,1690.196381840648,2.024477359224305,0.2,0
-79.61450000000001,43.6901771246964,1690.924405603347,2.029404126756829,0.2,0
-79.61450000000001,43.69020951100768,1691.653820051361,2.034280894289353,0.2,0
-79.61450000000001,43.69024195906598,1692.38462518469,2.039107661821877,0.2,0
-79.61450000000001,43.6902744688713,1693.116821003336,2.043884429354401,0.2,0
-79.61450000000001,43.69030704042364,1693.850407507297,2.048611196886925,0.2,0
-79.61450000000001,43.690339673723,1694.585384696573,2.053287964419449,0.2,0
-79.61450000000001,43.69037236876937,1695.321752571165,2.057914731951974,0.2,0
-79.61450000000001,43.69040512556276,1696.059511131072,2.062491499484498,0.2,0
-79.61450000000001,43.69043794410317,1696.798660376295,2.067018267017022,0.2,0
-79.61450000000001,43.69047082439061,1697.539200306834,2.071495034549546,0.2,0
-79.61450000000001,43.69050376642506,1698.281130922688,2.07592180208207,0.2,0
-79.61450000000001,43.69053677020653,1699.024452223858,2.080298569614595,0.2,0
-79.61450000000001,43.69056983573501,1699.769164210343,2.084625337147119,0.2,0
-79.61450000000001,43.69060296301052,1700.515266882144,2.088902104679643,0.2,0
-79.61450000000001,43.69063615203304,1701.26276023926,2.093128872212167,0.2,0
-79.61450000000001,43.69066940280258,1702.011644281692,2.097305639744691,0.2,0
-79.61450000000001,43.69070271531915,1702.76191900944,2.101432407277216,0.2,0
-79.61450000000001,43.69073608958273,1703.513584422503,2.10550917480974,0.2,0
-79.61450000000001,43.69076952559333,1704.266640520882,2.109535942342264,0.2,0
-79.61450000000001,43.69080302335095,1705.021087304576,2.113512709874788,0.2,0
-79.61450000000001,43.69083658285558,1705.776924773586,2.117439477407312,0.2,0
-79.61450000000001,43.69087020410724,1706.534152927911,2.121316244939836,0.2,0
-79.61450000000001,43.69090388710591,1707.292771767552,2.12514301247236,0.2,0
-79.61450000000001,43.6909376318516,1708.052781292509,2.128919780004884,0.2,0
-79.61450000000001,43.69097143834431,1708.814181502781,2.132646547537409,0.2,0
-79.61450000000001,43.69100530658404,1709.576972398368,2.136323315069933,0.2,0
-79.61450000000001,43.69103923657079,1710.341153979271,2.139950082602457,0.2,0
-79.61450000000001,43.69107322830455,1711.10672624549,2.143526850134981,0.2,0
-79.61450000000001,43.69110728178534,1711.873689197025,2.147053617667505,0.2,0
-79.61450000000001,43.69114139701315,1712.642042833875,2.15053038520003,0.2,0
-79.61450000000001,43.69117557398797,1713.41178715604,2.153957152732553,0.2,0
-79.61450000000001,43.69120981270981,1714.182922163521,2.157333920265077,0.2,0
-79.61450000000001,43.69124411317867,1714.955447856318,2.160660687797602,0.2,0
-79.61450000000001,43.69127847539455,1715.72936423443,2.163937455330126,0.2,0
-79.61450000000001,43.69131289935744,1716.504671297858,2.16716422286265,0.2,0
-79.61450000000001,43.69134738506736,1717.281369046601,2.170340990395174,0.2,0
-79.61450000000001,43.69138193252429,1718.05945748066,2.173467757927698,0.2,0
-79.61450000000001,43.69141654172825,1718.838936600034,2.176544525460223,0.2,0
-79.61450000000001,43.69145121267922,1719.619806404724,2.179571292992747,0.2,0
-79.61450000000001,43.69148594537721,1720.40206689473,2.182548060525271,0.2,0
-79.61450000000001,43.69152073982222,1721.185718070051,2.185474828057795,0.2,0
-79.61450000000001,43.69155559601425,1721.970759930688,2.188351595590319,0.2,0
-79.61450000000001,43.69159051395329,1722.75719247664,2.191178363122843,0.2,0
-79.61450000000001,43.69162549363936,1723.545015707908,2.193955130655367,0.2,0
-79.61450000000001,43.69166053507244,1724.334229624491,2.196681898187892,0.2,0
-79.61450000000001,43.69169563825255,1725.12483422639,2.199358665720416,0.2,0
-79.61450000000001,43.69173080317967,1725.916829513605,2.20198543325294,0.2,0
-79.61450000000001,43.69176602985381,1726.710215486135,2.204562200785464,0.2,0
-79.61450000000001,43.69180131827496,1727.50499214398,2.207088968317988,0.2,0
-79.61450000000001,43.69183666844315,1728.301159487142,2.209565735850513,0.2,0
-79.61450000000001,43.69187208035834,1729.098717515618,2.211992503383037,0.2,0
-79.61450000000001,43.69190755402055,1729.897666229411,2.214369270915561,0.2,0
-79.61450000000001,43.69194308942979,1730.698005628519,2.216696038448085,0.2,0
-79.61450000000001,43.69197868658603,1731.499735712942,2.218972805980609,0.2,0
-79.61450000000001,43.69201434548931,1732.302856482681,2.221199573513133,0.2,0
-79.61450000000001,43.69205006613959,1733.107367937736,2.223376341045658,0.2,0
-79.61450000000001,43.69208584853691,1733.913270078106,2.225503108578182,0.2,0
-79.61450000000001,43.69212169268123,1734.720562903792,2.227579876110706,0.2,0
-79.61450000000001,43.69215759857257,1735.529246414793,2.22960664364323,0.2,0
-79.61450000000001,43.69219356621094,1736.33932061111,2.231583411175754,0.2,0
-79.61450000000001,43.69222959559632,1737.150785492742,2.233510178708279,0.2,0
-79.61450000000001,43.69226568672872,1737.96364105969,2.235386946240803,0.2,0
-79.61450000000001,43.69230183960814,1738.777887311954,2.237213713773327,0.2,0
-79.61450000000001,43.69233805423458,1739.593524249533,2.238990481305851,0.2,0
-79.61450000000001,43.69237433060803,1740.410551872428,2.240717248838376,0.2,0
-79.61450000000001,43.69241066872851,1741.228970180638,2.2423940163709,0.2,0
-79.61450000000001,43.692447068596,1742.048779174164,2.244020783903424,0.2,0
-79.61450000000001,43.69248353021052,1742.869978853005,2.245597551435948,0.2,0
-79.61450000000001,43.69252005357205,1743.692569217162,2.247124318968472,0.2,0
-79.61450000000001,43.6925566386806,1744.516550266635,2.248601086500996,0.2,0
-79.61450000000001,43.69259328553617,1745.341922001423,2.25002785403352,0.2,0
-79.61450000000001,43.69262999413876,1746.168684421527,2.251404621566044,0.2,0
-79.61450000000001,43.69266676448836,1746.996837526946,2.252731389098568,0.2,0
-79.61450000000001,43.69270359658498,1747.82638131768,2.254008156631092,0.2,0
-79.61450000000001,43.69274049042863,1748.657315793731,2.255234924163617,0.2,0
-79.61450000000001,43.69277744601929,1749.489640955097,2.256411691696141,0.2,0
-79.61450000000001,43.69281446335697,1750.323356801778,2.257538459228665,0.2,0
-79.61450000000001,43.69285154244167,1751.158463333775,2.258615226761189,0.2,0
-79.61450000000001,43.69288868327339,1751.994960551088,2.259641994293713,0.2,0
-79.61450000000001,43.69292588585213,1752.832848453716,2.260618761826237,0.2,0
-79.61450000000001,43.69296315017788,1753.67212704166,2.261545529358761,0.2,0
-79.61450000000001,43.69300047625065,1754.512796314919,2.262422296891285,0.2,0
-79.61450000000001,43.69303786407045,1755.354856273494,2.26324906442381,0.2,0
-79.61450000000001,43.69307531363726,1756.198306917384,2.264025831956334,0.2,0
-79.61450000000001,43.69311282495109,1757.04314824659,2.264752599488858,0.2,0
-79.61450000000001,43.69315039801194,1757.889380261112,2.265429367021382,0.2,0
-79.61450000000001,43.69318803281981,1758.737002960949,2.266056134553906,0.2,0
-79.61450000000001,43.69322572937469,1759.586016346102,2.26663290208643,0.2,0
-79.61450000000001,43.6932634876766,1760.43642041657,2.267159669618954,0.2,0
-79.61450000000001,43.69330130772552,1761.288215172354,2.267636437151479,0.2,0
-79.61450000000001,43.69333918952146,1762.141400613453,2.268063204684003,0.2,0
-79.61450000000001,43.69337713306442,1762.995976739868,2.268439972216527,0.2,0
-79.61450000000001,43.69340314170078,1763.581751234975,2.268669049289617,0.2,0
-79.61450000000001,43.69340314170078,1763.58175123498,2.268669049289619,0.2,0
-79.61450000000001,43.6934151383544,1763.851943551598,2.268766760025612,0.2,0
-79.61450000000001,43.69345320539139,1764.709301048644,2.269044979156998,0.2,0
-79.61450000000001,43.69349133417541,1765.568049231006,2.269278311340855,0.2,0
-79.61450000000001,43.69352952470645,1766.428188098683,2.26947066311409,0.2,0
-79.61450000000001,43.6935677769845,1767.289717651676,2.269625957405225,0.2,0
-79.61450000000001,43.69360609100957,1768.152637889984,2.269748131965284,0.2,0
-79.61450000000001,43.69364446678166,1769.016948813608,2.269841137792739,0.2,0
-79.61450000000001,43.69368290430077,1769.882650422548,2.269908937553169,0.2,0
-79.61450000000001,43.6937214035669,1770.749742716803,2.269955503994241,0.2,0
-79.61450000000001,43.69375996458005,1771.618225696373,2.26998481835667,0.2,0
-79.61450000000001,43.69379858734021,1772.48809936126,2.270000868781767,0.2,0
-79.61450000000001,43.6938372718474,1773.359363711461,2.270007648716248,0.2,0
-79.61450000000001,43.6938760181016,1774.232018746979,2.270009155314895,0.2,0
-79.61450000000001,43.69391482610282,1775.106064467811,2.270009387841759,0.2,0
-79.61450000000001,43.69395369585106,1775.98150087396,2.2700123460705,0.2,0
-79.61450000000001,43.69399262734632,1776.858327965424,2.270022028684535,0.2,0
-79.61450000000001,43.6940316205886,1777.736545742203,2.270042431677615,0.2,0
-79.61450000000001,43.69407067557789,1778.616154204299,2.270077546755484,0.2,0
-79.61450000000001,43.69410979231421,1779.497153351709,2.270131359739247,0.2,0
-79.61450000000001,43.69414897079754,1780.379543184436,2.270207848971097,0.2,0
-79.61450000000001,43.69418821102789,1781.263323702477,2.270310983723029,0.2,0
-79.61450000000001,43.69422751300527,1782.148494905835,2.270444722609186,0.2,0
-79.61450000000001,43.69426687672966,1783.035056794508,2.270613012002465,0.2,0
-79.61450000000001,43.69430630220106,1783.923009368496,2.270819784456021,0.2,0
-79.61450000000001,43.69434578941949,1784.8123526278,2.271068957130299,0.2,0
-79.61450000000001,43.69438346013285,1785.66078400221,2.271349304431704,0.2,0
-79.61450000000001,43.69438346013285,1785.660784002215,2.271349304431706,0.2,0
-79.61450000000001,43.69438533838493,1785.70308657242,2.271364430157245,0.2,0
-79.61450000000001,43.69439473173128,1785.914646403336,2.271441747876261,0.2,0
-79.61450000000001,43.6944249490974,1786.595211202355,2.271709344617973,0.2,0
-79.61450000000001,43.69446462155688,1787.488726517606,2.272104259078701,0.2,0
-79.61450000000001,43.69450435576338,1788.383632518173,2.272549173539429,0.2,0
-79.61450000000001,43.6945441517169,1789.279929204055,2.273044088000157,0.2,0
-79.61450000000001,43.69458400941744,1790.177616575252,2.273589002460886,0.2,0
-79.61450000000001,43.694623928865,1791.076694631765,2.274183916921614,0.2,0
-79.61450000000001,43.69466391005958,1791.977163373594,2.274828831382342,0.2,0
-79.61450000000001,43.69470395300117,1792.879022800738,2.27552374584307,0.2,0
-79.61450000000001,43.69474405768978,1793.782272913198,2.276268660303798,0.2,0
-79.61450000000001,43.69478422412541,1794.686913710973,2.277063574764526,0.2,0
-79.61450000000001,43.69482445230806,1795.592945194064,2.277908489225255,0.2,0
-79.61450000000001,43.69486474223773,1796.50036736247,2.278803403685983,0.2,0
-79.61450000000001,43.69490509391442,1797.409180216192,2.279748318146711,0.2,0
-79.61450000000001,43.69494550733813,1798.31938375523,2.280743232607439,0.2,0
-79.61450000000001,43.69498598250885,1799.230977979583,2.281788147068167,0.2,0
-79.61450000000001,43.69502651942659,1800.143962889252,2.282883061528895,0.2,0
-79.61450000000001,43.69506711809136,1801.058338484236,2.284027975989623,0.2,0
-79.61450000000001,43.69510777850314,1801.974104764536,2.285222890450352,0.2,0
-79.61450000000001,43.69514850066194,1802.891261730151,2.28646780491108,0.2,0
-79.61450000000001,43.69518928456775,1803.809809381082,2.287762719371808,0.2,0
-79.61450000000001,43.69523013022059,1804.729747717329,2.289107633832536,0.2,0
-79.61450000000001,43.69527103762044,1805.651076738891,2.290502548293265,0.2,0
-79.61450000000001,43.69531200676732,1806.573796445768,2.291947462753993,0.2,0
-79.61450000000001,43.69535303766121,1807.497906837961,2.293442377214721,0.2,0
-79.61450000000001,43.69539413030213,1808.42340791547,2.294987291675449,0.2,0
-79.61450000000001,43.69543528469006,1809.350299678295,2.296582206136177,0.2,0
-79.61450000000001,43.695476500825,1810.278582126435,2.298227120596906,0.2,0
-79.61450000000001,43.69551777870697,1811.20825525989,2.299922035057634,0.2,0
-79.61450000000001,43.69555911833596,1812.139319078661,2.301666949518362,0.2,0
-79.61450000000001,43.69560051971196,1813.071773582748,2.30346186397909,0.2,0
-79.61450000000001,43.69564198283499,1814.00561877215,2.305306778439818,0.2,0
-79.61450000000001,43.69568350770503,1814.940854646867,2.307201692900547,0.2,0
-79.61450000000001,43.69572509432209,1815.877481206901,2.309146607361275,0.2,0
-79.61450000000001,43.69576674268617,1816.81549845225,2.311141521822003,0.2,0
-79.61450000000001,43.69580845279727,1817.754906382914,2.313186436282731,0.2,0
-79.61450000000001,43.69585022465538,1818.695704998894,2.31528135074346,0.2,0
-79.61450000000001,43.69589205826052,1819.63789430019,2.317426265204188,0.2,0
-79.61450000000001,43.69593395361267,1820.581474286801,2.319621179664916,0.2,0
-79.61450000000001,43.69597591071184,1821.526444958728,2.321866094125644,0.2,0
-79.61450000000001,43.69601792955803,1822.47280631597,2.324161008586373,0.2,0
-79.61450000000001,43.69606001015124,1823.420558358528,2.326505923047101,0.2,0
-79.61450000000001,43.69610215249147,1824.369701086401,2.328900837507829,0.2,0
-79.61450000000001,43.69614435657872,1825.32023449959,2.331345751968557,0.2,0
-79.61450000000001,43.69618662241299,1826.272158598094,2.333840666429286,0.2,0
-79.61450000000001,43.69622894999427,1827.225473381915,2.336385580890014,0.2,0
-79.61450000000001,43.69627133932257,1828.18017885105,2.338980495350743,0.2,0
-79.61450000000001,43.6963137903979,1829.136275005501,2.341625409811471,0.2,0
-79.61450000000001,43.69635630322023,1830.093761845268,2.344320324272199,0.2,0
-79.61450000000001,43.6963988777896,1831.052639370351,2.347065238732927,0.2,0
-79.61450000000001,43.69644151410597,1832.012907580749,2.349860153193656,0.2,0
-79.61450000000001,43.69648421216937,1832.974566476462,2.352705067654384,0.2,0
-79.61450000000001,43.69652697197979,1833.937616057491,2.355599982115112,0.2,0
-79.61450000000001,43.69656979353722,1834.902056323836,2.35854489657584,0.2,0
-79.61450000000001,43.69661267684167,1835.867887275496,2.361539811036568,0.2,0
-79.61450000000001,43.69665562189314,1836.835108912472,2.364584725497296,0.2,0
-79.61450000000001,43.69669862869163,1837.803721234763,2.367679639958024,0.2,0
-79.61450000000001,43.69674169723714,1838.77372424237,2.370824554418753,0.2,0
-79.61450000000001,43.69678482752967,1839.745117935292,2.374019468879481,0.2,0
-79.61450000000001,43.69682801956921,1840.71790231353,2.377264383340209,0.2,0
-79.61450000000001,43.69687127335578,1841.692077377084,2.380559297800937,0.2,0
-79.61450000000001,43.69691458888936,1842.667643125953,2.383904212261665,0.2,0
-79.61450000000001,43.69695796616996,1843.644599560138,2.387299126722393,0.2,0
-79.61450000000001,43.69700140519758,1844.622946679638,2.390744041183121,0.2,0
-79.61450000000001,43.69704490597222,1845.602684484454,2.394238955643849,0.2,0
-79.61450000000001,43.69708846849387,1846.583812974585,2.397783870104577,0.2,0
-79.61450000000001,43.69713209276255,1847.566332150032,2.401378784565305,0.2,0
-79.61450000000001,43.69717577877825,1848.550242010795,2.405023699026033,0.2,0
-79.61450000000001,43.69721952654096,1849.535542556873,2.408718613486762,0.2,0
-79.61450000000001,43.6972633360507,1850.522233788267,2.41246352794749,0.2,0
-79.61450000000001,43.69730720730745,1851.510315704976,2.416258442408219,0.2,0
-79.61450000000001,43.69735114031121,1852.499788307001,2.420103356868947,0.2,0
-79.61450000000001,43.697395135062,1853.490651594341,2.423998271329675,0.2,0
-79.61450000000001,43.69743919155981,1854.482905566997,2.427943185790404,0.2,0
-79.61450000000001,43.69748330980463,1855.476550224968,2.431938100251132,0.2,0
-79.61450000000001,43.69752748979648,1856.471585568256,2.43598301471186,0.2,0
-79.61450000000001,43.69757173153534,1857.468011596858,2.440077929172588,0.2,0
-79.61450000000001,43.69761603502122,1858.465828310776,2.444222843633316,0.2,0
-79.61450000000001,43.69766040025412,1859.46503571001,2.448417758094045,0.2,0
-79.61450000000001,43.69770482723404,1860.465633794559,2.452662672554772,0.2,0
-79.61450000000001,43.69774931596098,1861.467622564424,2.456957587015501,0.2,0
-79.61450000000001,43.69779386643494,1862.471002019605,2.461302501476229,0.2,0
-79.61450000000001,43.69783847865591,1863.475772160101,2.465697415936957,0.2,0
-79.61450000000001,43.6978831526239,1864.481932985912,2.470142330397685,0.2,0
-79.61450000000001,43.69792788833891,1865.48948449704,2.474637244858414,0.2,0
-79.61450000000001,43.69797268580094,1866.498426693482,2.479182159319142,0.2,0
-79.61450000000001,43.69801754500999,1867.50875957524,2.48377707377987,0.2,0
-79.61450000000001,43.69806246596606,1868.520483142314,2.488421988240598,0.2,0
-79.61450000000001,43.69810744866915,1869.533597394704,2.493116902701326,0.2,0
-79.61450000000001,43.69815249311925,1870.548102332409,2.497861817162054,0.2,0
-79.61450000000001,43.69819759931637,1871.563997955429,2.502656731622783,0.2,0
-79.61450000000001,43.69824276726052,1872.581284263765,2.507501646083511,0.2,0
-79.61450000000001,43.69828799695168,1873.599961257417,2.512396560544239,0.2,0
-79.61450000000001,43.69833328838985,1874.620028936384,2.517341475004967,0.2,0
-79.61450000000001,43.69837864157505,1875.641487300667,2.522336389465696,0.2,0
-79.61450000000001,43.69842405650727,1876.664336350266,2.527381303926424,0.2,0
-79.61450000000001,43.69846953318651,1877.688576085179,2.532476218387152,0.2,0
-79.61450000000001,43.69851507161276,1878.714206505409,2.53762113284788,0.2,0
-79.61450000000001,43.69856067178603,1879.741227610954,2.542816047308609,0.2,0
-79.61450000000001,43.69860633370633,1880.769639401815,2.548060961769337,0.2,0
-79.61450000000001,43.69865205737364,1881.799441877991,2.553355876230065,0.2,0
-79.61450000000001,43.69869784278797,1882.830635039483,2.558700790690793,0.2,0
-79.61450000000001,43.69874368994931,1883.86321888629,2.564095705151521,0.2,0
-79.61450000000001,43.69878959885768,1884.897193418413,2.56954061961225,0.2,0
-79.61450000000001,43.69883556951307,1885.932558635851,2.575035534072978,0.2,0
-79.61450000000001,43.69888160191547,1886.969314538605,2.580580448533706,0.2,0
-79.61450000000001,43.69892769606489,1888.007461126675,2.586175362994434,0.2,0
-79.61450000000001,43.69897385196133,1889.04699840006,2.591820277455163,0.2,0
-79.61450000000001,43.69902006960479,1890.087926358761,2.597515191915891,0.2,0
-79.61450000000001,43.69906634899527,1891.130245002777,2.603260106376619,0.2,0
-79.61450000000001,43.69911269013277,1892.173954332109,2.609055020837347,0.2,0
-79.61450000000001,43.69915909301728,1893.219054346756,2.614899935298075,0.2,0
-79.61450000000001,43.69920555764882,1894.265545046719,2.620794849758803,0.2,0
-79.61450000000001,43.69925208402736,1895.313426431998,2.626739764219531,0.2,0
-79.61450000000001,43.69929867215294,1896.362698502592,2.632734678680259,0.2,0
-79.61450000000001,43.69934532202553,1897.413361258502,2.638779593140988,0.2,0
-79.61450000000001,43.69939203364514,1898.465414699727,2.644874507601716,0.2,0
-79.61450000000001,43.69943880701177,1899.518858826268,2.651019422062444,0.2,0
-79.61450000000001,43.69948564212541,1900.573693638124,2.657214336523172,0.2,0
-79.61450000000001,43.69953253898608,1901.629919135296,2.663459250983901,0.2,0
-79.61450000000001,43.69957949759376,1902.687535317784,2.669754165444629,0.2,0
-79.61450000000001,43.69962651794846,1903.746542185587,2.676099079905357,0.2,0
-79.61450000000001,43.69967360005018,1904.806939738705,2.682493994366085,0.2,0
-79.61450000000001,43.69972074389892,1905.86872797714,2.688938908826814,0.2,0
-79.61450000000001,43.69976794949468,1906.931906900889,2.695433823287542,0.2,0
-79.61450000000001,43.69981521683745,1907.996476509955,2.70197873774827,0.2,0
-79.61450000000001,43.69986254592725,1909.062436804335,2.708573652208998,0.2,0
-79.61450000000001,43.69990993676407,1910.129787784032,2.715218566669726,0.2,0
-79.61450000000001,43.69995738934789,1911.198529449044,2.721913481130454,0.2,0
-79.61450000000001,43.70000490367875,1912.268661799372,2.728658395591182,0.2,0
-79.61450000000001,43.70005247975661,1913.340184835015,2.735453310051911,0.2,0
-79.61450000000001,43.70010011758151,1914.413098555973,2.742298224512639,0.2,0
-79.61450000000001,43.70013656167576,1915.233903638206,2.747562472201905,0.2,0
-79.61450000000001,43.70013656167576,1915.233903638212,2.747562472201944,0.2,0
-79.61450000000001,43.70014781715342,1915.487402962248,2.749193130502455,0.2,0
-79.61450000000001,43.70019557847234,1916.563098053838,2.756136833124337,0.2,0
-79.61450000000001,43.70024340153828,1917.640183830743,2.763125733030512,0.2,0
-79.61450000000001,43.70029128635125,1918.718660292964,2.770155925056643,0.2,0
-79.61450000000001,43.70033923291123,1919.798527440501,2.777223487522096,0.2,0
-79.61450000000001,43.70038724121822,1920.879785273353,2.784324483798559,0.2,0
-79.61450000000001,43.70043531127224,1921.96243379152,2.791454963884642,0.2,0
-79.61450000000001,43.70048344307328,1923.046472995004,2.798610965985823,0.2,0
-79.61450000000001,43.70053163662134,1924.131902883803,2.805788518099117,0.2,0
-79.61450000000001,43.70057989191641,1925.218723457917,2.812983639601817,0.2,0
-79.61450000000001,43.70062820895851,1926.306934717347,2.820192342843699,0.2,0
-79.61450000000001,43.70067658774762,1927.396536662092,2.827410634742022,0.2,0
-79.61450000000001,43.70072502828375,1928.487529292154,2.834634518378712,0.2,0
-79.61450000000001,43.7007735305669,1929.57991260753,2.841859994599071,0.2,0
-79.61450000000001,43.70082209459707,1930.673686608222,2.849083063611392,0.2,0
-79.61450000000001,43.70087072037426,1931.76885129423,2.856299726586817,0.2,0
-79.61450000000001,43.70091940789846,1932.865406665554,2.86350598725882,0.2,0
-79.61450000000001,43.70096815716968,1933.963352722192,2.870697853521655,0.2,0
-79.61450000000001,43.70101696818793,1935.062689464147,2.877871339027148,0.2,0
-79.61450000000001,43.70106584095318,1936.163416891417,2.885022464779184,0.2,0
-79.61450000000001,43.70111477546547,1937.265535004003,2.892147260725252,0.2,0
-79.61450000000001,43.70116377172477,1938.369043801904,2.899241767344409,0.2,0
-79.61450000000001,43.70121282973108,1939.47394328512,2.906302037231043,0.2,0
-79.61450000000001,43.70126194948442,1940.580233453653,2.913324136673775,0.2,0
-79.61450000000001,43.70131113098478,1941.687914307501,2.920304147228897,0.2,0
-79.61450000000001,43.70136037423215,1942.796985846664,2.927238167287695,0.2,0
-79.61450000000001,43.70136195971584,1942.832694597257,2.92746046994969,0.2,0
-79.61450000000001,43.70136195971584,1942.832694597263,2.927460469949729,0.2,0
-79.61450000000001,43.70140967922654,1943.907448071143,2.93412289806667,0.2,0
-79.61450000000001,43.70145904596795,1945.019300980938,2.940957628867143,0.2,0
-79.61450000000001,43.70150847445638,1946.132544576048,2.947742359667616,0.2,0
-79.61450000000001,43.70155796469183,1947.247178856474,2.954477090468089,0.2,0
-79.61450000000001,43.70160751667429,1948.363203822215,2.961161821268562,0.2,0
-79.61450000000001,43.70165713040378,1949.480619473272,2.967796552069036,0.2,0
-79.61450000000001,43.70170680588029,1950.599425809644,2.974381282869508,0.2,0
-79.61450000000001,43.70175654310381,1951.719622831332,2.980916013669981,0.2,0
-79.61450000000001,43.70180634207435,1952.841210538336,2.987400744470454,0.2,0
-79.61450000000001,43.70185620279191,1953.964188930655,2.993835475270927,0.2,0
-79.61450000000001,43.70190612525649,1955.088558008289,3.0002202060714,0.2,0
-79.61450000000001,43.70195610946808,1956.214317771239,3.006554936871873,0.2,0
-79.61450000000001,43.7020061554267,1957.341468219505,3.012839667672346,0.2,0
-79.61450000000001,43.70205626313233,1958.470009353087,3.01907439847282,0.2,0
-79.61450000000001,43.70210643258498,1959.599941171984,3.025259129273293,0.2,0
-79.61450000000001,43.70215666378466,1960.731263676196,3.031393860073766,0.2,0
-79.61450000000001,43.70220695673135,1961.863976865724,3.037478590874239,0.2,0
-79.61450000000001,43.70225731142506,1962.998080740568,3.043513321674711,0.2,0
-79.61450000000001,43.70230772786578,1964.133575300727,3.049498052475184,0.2,0
-79.61450000000001,43.70235820605353,1965.270460546201,3.055432783275657,0.2,0
-79.61450000000001,43.70240874598829,1966.408736476992,3.06131751407613,0.2,0
-79.61450000000001,43.70245934767008,1967.548403093098,3.067152244876603,0.2,0
-79.61450000000001,43.70251001109888,1968.689460394519,3.072936975677077,0.2,0
-79.61450000000001,43.7025607362747,1969.831908381256,3.07867170647755,0.2,0
-79.61450000000001,43.70261152319754,1970.975747053308,3.084356437278023,0.2,0
-79.61450000000001,43.7026623718674,1972.120976410677,3.089991168078496,0.2,0
-79.61450000000001,43.70271328228427,1973.26759645336,3.095575898878968,0.2,0
-79.61450000000001,43.70276425444817,1974.41560718136,3.101110629679441,0.2,0
-79.61450000000001,43.70281528835908,1975.565008594674,3.106595360479914,0.2,0
-79.61450000000001,43.70286638401701,1976.715800693305,3.112030091280387,0.2,0
-79.61450000000001,43.70291754142197,1977.867983477251,3.117414822080861,0.2,0
-79.61450000000001,43.70296876057394,1979.021556946512,3.122749552881334,0.2,0
-79.61450000000001,43.70302004147293,1980.176521101089,3.128034283681807,0.2,0
-79.61450000000001,43.70307138411894,1981.332875940982,3.13326901448228,0.2,0
-79.61450000000001,43.70312278851196,1982.49062146619,3.138453745282753,0.2,0
-79.61450000000001,43.70317425465201,1983.649757676714,3.143588476083226,0.2,0
-79.61450000000001,43.70322578253907,1984.810284572553,3.148673206883699,0.2,0
-79.61450000000001,43.70327737217315,1985.972202153708,3.153707937684172,0.2,0
-79.61450000000001,43.70332902355425,1987.135510420179,3.158692668484645,0.2,0
-79.61450000000001,43.70338073668237,1988.300209371965,3.163627399285118,0.2,0
-79.61450000000001,43.70343251155751,1989.466299009066,3.168512130085591,0.2,0
-79.61450000000001,43.70348434817966,1990.633779331483,3.173346860886064,0.2,0
-79.61450000000001,43.70353624654884,1991.802650339216,3.178131591686537,0.2,0
-79.61450000000001,43.70358820666503,1992.972912032264,3.18286632248701,0.2,0
-79.61450000000001,43.70364022852824,1994.144564410628,3.187551053287483,0.2,0
-79.61450000000001,43.70369231213848,1995.317607474308,3.192185784087956,0.2,0
-79.61450000000001,43.70374445749573,1996.492041223303,3.196770514888429,0.2,0
-79.61450000000001,43.7037966646,1997.667865657613,3.201305245688903,0.2,0
-79.61450000000001,43.70384893345128,1998.845080777239,3.205789976489375,0.2,0
-79.61450000000001,43.70390126404959,2000.023686582181,3.210224707289848,0.2,0
-79.61450000000001,43.70395365639492,2001.203683072438,3.214609438090321,0.2,0
-79.61450000000001,43.70400611048726,2002.385070248011,3.218944168890794,0.2,0
-79.61450000000001,43.70405862632662,2003.567848108899,3.223228899691267,0.2,0
-79.61450000000001,43.704111203913,2004.752016655103,3.22746363049174,0.2,0
-79.61450000000001,43.7041638432464,2005.937575886623,3.231648361292213,0.2,0
-79.61450000000001,43.70421654432681,2007.124525803458,3.235783092092686,0.2,0
-79.61450000000001,43.70426930715425,2008.312866405609,3.239867822893159,0.2,0
-79.61450000000001,43.70432213172871,2009.502597693075,3.243902553693632,0.2,0
-79.61450000000001,43.70437501805018,2010.693719665857,3.247887284494105,0.2,0
-79.61450000000001,43.70442796611867,2011.886232323954,3.251822015294578,0.2,0
-79.61450000000001,43.70448097593418,2013.080135667367,3.255706746095051,0.2,0
-79.61450000000001,43.70453404749672,2014.275429696095,3.259541476895524,0.2,0
-79.61450000000001,43.70458718080626,2015.472114410139,3.263326207695997,0.2,0
-79.61450000000001,43.70464037586283,2016.670189809499,3.267060938496471,0.2,0
-79.61450000000001,43.70469363266641,2017.869655894174,3.270745669296943,0.2,0
-79.61450000000001,43.70474695121702,2019.070512664165,3.274380400097416,0.2,0
-79.61450000000001,43.70480033151464,2020.272760119471,3.277965130897889,0.2,0
-79.61450000000001,43.70485377355928,2021.476398260093,3.281499861698362,0.2,0
-79.61450000000001,43.70490727735094,2022.681427086031,3.284984592498835,0.2,0
-79.61450000000001,43.70496084288962,2023.887846597283,3.288419323299308,0.2,0
-79.61450000000001,43.70501447017531,2025.095656793852,3.291804054099781,0.2,0
-79.61450000000001,43.70506815920803,2026.304857675736,3.295138784900255,0.2,0
-79.61450000000001,43.70512190998777,2027.515449242936,3.298423515700728,0.2,0
-79.61450000000001,43.70517572251452,2028.727431495451,3.301658246501201,0.2,0
-79.61450000000001,43.70522959678829,2029.940804433282,3.304842977301674,0.2,0
-79.61450000000001,43.70528353280908,2031.155568056428,3.307977708102146,0.2,0
-79.61450000000001,43.70533753057689,2032.37172236489,3.311062438902619,0.2,0
-79.61450000000001,43.70539159009172,2033.589267358668,3.314097169703092,0.2,0
-79.61450000000001,43.70544571135357,2034.808203037761,3.317081900503565,0.2,0
-79.61450000000001,43.70549989436243,2036.028529402169,3.320016631304038,0.2,0
-79.61450000000001,43.70555413911832,2037.250246451894,3.322901362104512,0.2,0
-79.61450000000001,43.70560844562122,2038.473354186934,3.325736092904985,0.2,0
-79.61450000000001,43.70566281387114,2039.697852607289,3.328520823705458,0.2,0
-79.61450000000001,43.70571724386808,2040.92374171296,3.331255554505931,0.2,0
-79.61450000000001,43.70577173561204,2042.151021503946,3.333940285306404,0.2,0
-79.61450000000001,43.70582628910302,2043.379691980248,3.336575016106877,0.2,0
-79.61450000000001,43.70588090434102,2044.609753141866,3.33915974690735,0.2,0
-79.61450000000001,43.70593558132602,2045.841204988799,3.341694477707823,0.2,0
-79.61450000000001,43.70599032005806,2047.074047521048,3.344179208508296,0.2,0
-79.61450000000001,43.70604512053711,2048.308280738612,3.346613939308769,0.2,0
-79.61450000000001,43.70609998276319,2049.543904641492,3.348998670109242,0.2,0
-79.61450000000001,43.70615490673627,2050.780919229688,3.351333400909715,0.2,0
-79.61450000000001,43.70620989245638,2052.019324503199,3.353618131710188,0.2,0
-79.61450000000001,43.70626493992351,2053.259120462025,3.355852862510661,0.2,0
-79.61450000000001,43.70632004913765,2054.500307106167,3.358037593311134,0.2,0
-79.61450000000001,43.70637522009881,2055.742884435625,3.360172324111607,0.2,0
-79.61450000000001,43.706430452807,2056.986852450399,3.36225705491208,0.2,0
-79.61450000000001,43.7064857472622,2058.232211150487,3.364291785712553,0.2,0
-79.61450000000001,43.70654110346442,2059.478960535892,3.366276516513026,0.2,0
-79.61450000000001,43.70659652141365,2060.727100606611,3.368211247313499,0.2,0
-79.61450000000001,43.70665200110991,2061.976631362647,3.370095978113972,0.2,0
-79.61450000000001,43.70670754255319,2063.227552803998,3.371930708914445,0.2,0
-79.61450000000001,43.70676314574348,2064.479864930665,3.373715439714918,0.2,0
-79.61450000000001,43.70681881068079,2065.733567742647,3.375450170515391,0.2,0
-79.61450000000001,43.70687453736512,2066.988661239945,3.377134901315864,0.2,0
-79.61450000000001,43.70693032579648,2068.245145422558,3.378769632116337,0.2,0
-79.61450000000001,43.70698617597485,2069.503020290487,3.38035436291681,0.2,0
-79.61450000000001,43.70704208790023,2070.762285843732,3.381889093717283,0.2,0
-79.61450000000001,43.70709806157264,2072.022942082292,3.383373824517756,0.2,0
-79.61450000000001,43.70715409699206,2073.284989006167,3.384808555318229,0.2,0
-79.61450000000001,43.70721019415851,2074.548426615358,3.386193286118702,0.2,0
-79.61450000000001,43.70726635307197,2075.813254909865,3.387528016919175,0.2,0
-79.61450000000001,43.70732257373245,2077.079473889687,3.388812747719648,0.2,0
-79.61450000000001,43.70737885613995,2078.347083554825,3.390047478520121,0.2,0
-79.61450000000001,43.70743520029447,2079.616083905279,3.391232209320594,0.2,0
-79.61450000000001,43.707491606196,2080.886474941048,3.392366940121067,0.2,0
-79.61450000000001,43.70754807384456,2082.158256662132,3.39345167092154,0.2,0
-79.61450000000001,43.70760460324014,2083.431429068533,3.394486401722013,0.2,0
-79.61450000000001,43.70766119438272,2084.705992160248,3.395471132522486,0.2,0
-79.61450000000001,43.70771784727234,2085.981945937279,3.396405863322959,0.2,0
-79.61450000000001,43.70777456190896,2087.259290399626,3.397290594123432,0.2,0
-79.61450000000001,43.70783133829261,2088.538025547289,3.398125324923905,0.2,0
-79.61450000000001,43.70788817642328,2089.818151380267,3.398910055724378,0.2,0
-79.61450000000001,43.70794507630097,2091.09966789856,3.399644786524851,0.2,0
-79.61450000000001,43.70800203792567,2092.382575102169,3.400329517325325,0.2,0
-79.61450000000001,43.7080590612974,2093.666872991094,3.400964248125797,0.2,0
-79.61450000000001,43.70811614641614,2094.952561565334,3.40154897892627,0.2,0
-79.61450000000001,43.7081732932819,2096.23964082489,3.402083709726743,0.2,0
-79.61450000000001,43.70823050189468,2097.528110769762,3.402568440527217,0.2,0
-79.61450000000001,43.70828777225447,2098.817971399948,3.403003171327689,0.2,0
-79.61450000000001,43.70834510436129,2100.109222715451,3.403387902128162,0.2,0
-79.61450000000001,43.70839352826829,2101.199840819022,3.403673637719958,0.2,0
-79.61450000000001,43.70839352826829,2101.199840819037,3.403673637719961,0.2,0
-79.61450000000001,43.70840249821512,2101.401864716269,3.403722635389932,0.2,0
-79.61450000000001,43.70844737055211,2102.412493269422,3.403949838400603,0.2,0
-79.61450000000001,43.70845995381598,2102.695897402403,3.404008362919477,0.2,0
-79.61450000000001,43.70851747116385,2103.991320773852,3.404248582942611,0.2,0
-79.61450000000001,43.70857505025874,2105.288134830616,3.404447199241194,0.2,0
-79.61450000000001,43.70863269110065,2106.586339572697,3.404608132238025,0.2,0
-79.61450000000001,43.70869039368958,2107.885935000093,3.404735317428719,0.2,0
-79.61450000000001,43.70874815802553,2109.186921112804,3.404832703807564,0.2,0
-79.61450000000001,43.70880598410849,2110.489297910831,3.404904252287974,0.2,0
-79.61450000000001,43.70886387193848,2111.793065394174,3.404953934118181,0.2,0
-79.61450000000001,43.70892182151548,2113.098223562832,3.404985729292783,0.2,0
-79.61450000000001,43.7089798328395,2114.404772416806,3.405003624960803,0.2,0
-79.61450000000001,43.70903790591054,2115.712711956095,3.405011613830881,0.2,0
-79.61450000000001,43.7090960407286,2117.0220421807,3.405013692574243,0.2,0
-79.61450000000001,43.70915423729367,2118.33276309062,3.405013860226088,0.2,0
-79.61450000000001,43.70921249560578,2119.644874685856,3.405016116586026,0.2,0
-79.61450000000001,43.70927081566489,2120.958376966408,3.405024460618213,0.2,0
-79.61450000000001,43.70932919747102,2122.273269932275,3.405042888851813,0.2,0
-79.61450000000001,43.70938764102417,2123.589553583458,3.405075393782449,0.2,0
-79.61450000000001,43.70944614632435,2124.907227919956,3.40512596227525,0.2,0
-79.61450000000001,43.70950471337154,2126.22629294177,3.405198573970162,0.2,0
-79.61450000000001,43.70956334216574,2127.546748648899,3.405297199690142,0.2,0
-79.61450000000001,43.70962203270697,2128.868595041344,3.405425799852887,0.2,0
-79.61450000000001,43.70968078499521,2130.191832119105,3.405588322886715,0.2,0
-79.61450000000001,43.70973959903048,2131.516459882181,3.405788703651246,0.2,0
-79.61450000000001,43.70979847481276,2132.842478330573,3.406030861863517,0.2,0
-79.61450000000001,43.70985741234206,2134.16988746428,3.406318700530139,0.2,0
-79.61450000000001,43.70986400591638,2134.318389969867,3.406353892861981,0.2,0
-79.61450000000001,43.70986400591638,2134.318389969897,3.406353892861988,0.2,0
-79.61450000000001,43.70991641161838,2135.498687283303,3.40665565262524,0.2,0
-79.61450000000001,43.70997547264172,2136.828877787641,3.40704260381802,0.2,0
-79.61450000000001,43.71003459541208,2138.160458977295,3.407479555010799,0.2,0
-79.61450000000001,43.71009377992945,2139.493430852264,3.407966506203579,0.2,0
-79.61450000000001,43.71015302619385,2140.82779341255,3.408503457396358,0.2,0
-79.61450000000001,43.71021233420526,2142.16354665815,3.409090408589138,0.2,0
-79.61450000000001,43.71027170396369,2143.500690589066,3.409727359781917,0.2,0
-79.61450000000001,43.71033113546915,2144.839225205298,3.410414310974697,0.2,0
-79.61450000000001,43.71039062872161,2146.179150506845,3.411151262167476,0.2,0
-79.61450000000001,43.7104501837211,2147.520466493708,3.411938213360256,0.2,0
-79.61450000000001,43.71050980046761,2148.863173165887,3.412775164553035,0.2,0
-79.61450000000001,43.71056947896113,2150.20727052338,3.413662115745815,0.2,0
-79.61450000000001,43.71062921920168,2151.55275856619,3.414599066938594,0.2,0
-79.61450000000001,43.71068902118924,2152.899637294315,3.415586018131374,0.2,0
-79.61450000000001,43.71074888492382,2154.247906707756,3.416622969324153,0.2,0
-79.61450000000001,43.71080881040542,2155.597566806512,3.417709920516933,0.2,0
-79.61450000000001,43.71086879763404,2156.948617590584,3.418846871709712,0.2,0
-79.61450000000001,43.71092884660968,2158.301059059971,3.420033822902492,0.2,0
-79.61450000000001,43.71098895733233,2159.654891214674,3.421270774095271,0.2,0
-79.61450000000001,43.71104912980201,2161.010114054693,3.422557725288051,0.2,0
-79.61450000000001,43.7111093640187,2162.366727580027,3.42389467648083,0.2,0
-79.61450000000001,43.71116965998241,2163.724731790676,3.42528162767361,0.2,0
-79.61450000000001,43.71123001769314,2165.084126686641,3.426718578866389,0.2,0
-79.61450000000001,43.71129043715089,2166.444912267923,3.428205530059169,0.2,0
-79.61450000000001,43.71135091835566,2167.807088534519,3.429742481251948,0.2,0
-79.61450000000001,43.71141146130744,2169.17065548643,3.431329432444727,0.2,0
-79.61450000000001,43.71147206600625,2170.535613123658,3.432966383637507,0.2,0
-79.61450000000001,43.71153273245207,2171.9019614462,3.434653334830287,0.2,0
-79.61450000000001,43.71159346064491,2173.269700454059,3.436390286023066,0.2,0
-79.61450000000001,43.71165425058477,2174.638830147233,3.438177237215845,0.2,0
-79.61450000000001,43.71171510227165,2176.009350525723,3.440014188408625,0.2,0
-79.61450000000001,43.71177601570555,2177.381261589529,3.441901139601405,0.2,0
-79.61450000000001,43.71183699088647,2178.754563338649,3.443838090794184,0.2,0
-79.61450000000001,43.7118980278144,2180.129255773086,3.445825041986963,0.2,0
-79.61450000000001,43.71195912648935,2181.505338892838,3.447861993179743,0.2,0
-79.61450000000001,43.71202028691133,2182.882812697905,3.449948944372522,0.2,0
-79.61450000000001,43.71208150908032,2184.261677188288,3.452085895565302,0.2,0
-79.61450000000001,43.71214279299633,2185.641932363987,3.454272846758081,0.2,0
-79.61450000000001,43.71220413865936,2187.023578225001,3.456509797950861,0.2,0
-79.61450000000001,43.7122655460694,2188.406614771331,3.45879674914364,0.2,0
-79.61450000000001,43.71232701522647,2189.791042002976,3.46113370033642,0.2,0
-79.61450000000001,43.71238854613056,2191.176859919937,3.463520651529199,0.2,0
-79.61450000000001,43.71245013878166,2192.564068522214,3.465957602721979,0.2,0
-79.61450000000001,43.71251179317978,2193.952667809806,3.468444553914758,0.2,0
-79.61450000000001,43.71257350932492,2195.342657782714,3.470981505107538,0.2,0
